;;Assault at the national level, number of police-recorded offences ;;;;;;;;;;;;;;;;;;;;;;;;;;;;
;;;;;;;;;;;;;;;;;;;;;;;;;;;;;;
;;;;;;;;;;;;;;;;;;;;;;;;;;;;;;
;;;Definitions:;;;;;;;;;;;;;;;;;;;;;;;;;;;
;;;" ""Serious Assault"" means the intentional or reckless application of serious physical force inflicted upon the body of a person resulting in serious bodily injury. Serious physical force, at minimum, includes being shot, stabbed, cut, hit by an object or poisoned. ""Serious Assault"" should exclude the application of minor physical force (such as hitting, slapping or pushing), resulting in no injury or minor bodily injury. ""Sexual assault"", ""Threat"" and ""Assault leading to death"" should also be excluded.";;;;;;;;;;;;;;;;;;;;;;;;;;;
;;;    ;;;;;;;;;;;;;;;;;;;;;;;;;;;
;;;Data supplied by countries ;;;;;;;;;;;;;;;;;;;;;;;;;;;
;;;may not exactly reflect the definition;;;;;;;;;;;;;;;;;;;;;;;;;;;
;;; provided by UNODC.;;;;;;;;;;;;;;;;;;;;;;;;;;;
;;; ;;;;;;;;;;;;;;;;;;;;;;;;;;;
;;;   ;;;;;;;;;;;;;;;;;;;;;;;;;;;
;;; ;;;;;;;;;;;;;;;;;;;;;;;;;;;
;;;Data interpretation;;;;;;;;;;;;;;;;;;;;;;;;;;;
;;;: When using the figures, any cross-national comparison should be conducted with caution because of the differences that exist between the legal definitions of offences in countries, the different methods of offence counting and recording and differences in the share of criminal offences that are not reported to or detected by law enforcement authorities (i.e. the dark figure).;;;;;;;;;;;;;;;;;;;;;;;;;;;
;Dowload full Dataset;;;;;;;;;;;;;;;;;;;;;;;;;;;;;
;;;Count;;;;;;;;;;;;;;Rate per 100,000 population;;;;;;;;;;;;;
Region;Sub Region;Country;2003;2004;2005;2006;2007;2008;2009;2010;2011;2012;2013;2014;2015;;2003;2004;2005;2006;2007;2008;2009;2010;2011;2012;2013;2014;2015;
Africa;Eastern Africa;Burundi;;;;;;437;496;304;499;455;431;549;;;;;;;;4.95;5.43;3.21;5.10;4.49;4.12;5.08;;
Africa;Eastern Africa;Kenya;;;12,715;13,186;12,089;11,479;14,189;14,078;14,366;14,534;13,674;13,949;14,921;;;;35.97;36.34;32.45;30.01;36.13;34.91;34.68;34.16;31.30;31.09;32.40;
Africa;Eastern Africa;Madagascar;;;;;;;;3,450;3,434;2,115;2,744;2,542;2,189;;;;;;;;;16.37;15.84;9.49;11.97;10.78;9.03;
Africa;Eastern Africa;Mauritius;105;144;122;106;140;148;274;238;230;;;;;;8.68;11.84;9.98;8.63;11.35;11.95;22.04;19.07;18.35;;;;;
Africa;Eastern Africa;Mozambique;;1,350;1,272;800;724;728;526;;;;;;;;;6.58;6.02;3.68;3.24;3.17;2.22;;;;;;;
Africa;Eastern Africa;Rwanda;;;;;;2,249;1,985;2,004;2,526;3,177;3,299;;;;;;;;;23.07;19.80;19.47;23.93;29.37;29.78;;;
Africa;Eastern Africa;Uganda;19,491;25,744;35,092;43,782;28,839;21,186;17,118;22,979;19,023;18,030;16,702;14,509;;;74.34;94.94;125.14;150.97;96.16;68.31;53.38;69.32;55.52;50.93;45.67;38.40;;
Africa;Eastern Africa;United Republic of Tanzania;;;;;;;;;;;;1,834;2,361;;;;;;;;;;;;;3.54;4.42;
Africa;Eastern Africa;Zimbabwe;78,464;95,581;92,510;77,525;63,803;51,247;;;;;;;;;614.24;742.79;712.47;590.53;479.80;379.74;;;;;;;;
Africa;Middle Africa;Cameroon*;2,998;3,056;3,140;3,136;3,482;;1,486;4,917;5,281;5,764;5,630;7,175;4,804;;17.41;17.30;17.32;16.86;18.25;;7.40;23.88;25.01;26.61;25.35;31.51;20.58;
Africa;Middle Africa;Sao Tome and Principe;1;1;;-;4;1;5;-;4;;;;;;0.68;0.67;;-;2.50;0.61;2.99;-;2.29;;;;;
Africa;Northern Africa;Algeria*;23,050;20,234;32,920;36,681;36,915;40,398;42,298;41,381;45,548;52,287;54,472;53,853;49,091;;71.15;61.66;98.95;108.69;107.74;116.05;119.48;114.83;124.05;139.66;142.65;138.32;123.76;
Africa;Northern Africa;Egypt;;;;65;71;120;134;156;339;;;;;;;;;0.09;0.09;0.15;0.17;0.19;0.40;;;;;
Africa;Northern Africa;Morocco;48,662;46,067;32,623;36,161;31,432;30,934;31,106;;;29,439;67,763;;;;163.23;153.08;107.36;117.82;101.36;98.67;98.08;;;89.25;202.56;;;
Africa;Southern Africa;Botswana;;;;;;;15,133;17,457;16,098;;;16,847;;;;;;;;;753.93;852.46;770.35;;;758.90;;
Africa;Southern Africa;Lesotho;;;;;9,337;9,957;7,332;;;;;;;;;;;;477.44;504.87;368.37;;;;;;;
Africa;Southern Africa;Swaziland;14,725;14,587;;;;;;;;;;;;;1,353.46;1,332.42;;;;;;;;;;;;
Africa;Western Africa;Cabo Verde;;;;;;;;4,090;4,030;4,116;4,013;4,117;4,205;;;;;;;;;834.05;813.88;821.77;791.12;801.12;807.87;
Africa;Western Africa;Cote d'Ivoire;;;;;9,821;10,124;;;;;;;;;;;;;52.07;52.56;;;;;;;;
Africa;Western Africa;Guinea;;;286;;293;;;;;;;;;;;;2.96;;2.89;;;;;;;;;
Africa;Western Africa;Nigeria;;;;;15,136;14,692;14,075;18,093;;15,388;16,487;;;;;;;;10.29;9.72;9.07;11.35;;9.15;9.54;;;
Africa;Western Africa;Senegal;;;279;252;181;543;291;305;;;;;;;;;2.48;2.18;1.52;4.44;2.31;2.35;;;;;;
Africa;Western Africa;Sierra Leone;;;;;18,620;19,871;;;;;;;;;;;;;345.38;359.86;;;;;;;;
Americas;Caribbean;Bahamas;;;;;;;2,601;3,063;3,268;3,132;;;;;;;;;;;733.13;848.88;891.16;841.06;;;;
Americas;Caribbean;Barbados;;1,610;1,731;1,704;1,549;1,594;1,610;1,511;1,312;1,468;1,250;1,465;1,474;;;589.55;631.72;619.55;560.92;574.80;578.17;540.48;467.57;521.34;442.47;516.97;518.62;
Americas;Caribbean;Dominican Republic;;;;;;;;;;5,937;;5,027;;;;;;;;;;;;58.46;;48.31;;
Americas;Caribbean;Grenada;;;1,894;1,903;1,312;1,285;1,175;1,152;1,236;1,313;1,394;1,428;494;;;;1,839.71;1,842.94;1,266.57;1,236.36;1,126.58;1,100.53;1,176.36;1,244.83;1,316.31;1,342.75;462.44;
Americas;Caribbean;Jamaica*;;;;;;;;1,407;;5,684;4,937;;;;;;;;;;;51.33;;205.72;178.02;;;
Americas;Caribbean;Puerto Rico;;;;;;3,115;3,440;2,714;2,894;2,733;2,395;2,475;2,810;;;;;;;83.55;92.51;73.16;78.17;73.95;64.89;67.14;76.29;
Americas;Caribbean;Saint Kitts and Nevis;;;;;;;148;155;137;;;;;;;;;;;;286.17;296.07;258.50;;;;;
Americas;Caribbean;Saint Vincent and the Grenadines;;1,529;1,252;1,054;1,063;1,029;1,220;1,309;1,245;1,112;;;;;;1,408.40;1,151.27;967.79;974.79;942.61;1,116.65;1,197.45;1,138.64;1,017.07;;;;
Americas;Caribbean;Trinidad and Tobago;;643;801;657;680;771;689;616;535;579;542;558;600;;;49.82;61.76;50.42;51.94;58.61;52.13;46.38;40.08;43.16;40.20;41.20;44.11;
Americas;Central America;Belize;;;;142;;;519;;;923;;1,042;;;;;;48.84;;;165.33;;;274.13;;296.27;;
Americas;Central America;Costa Rica;;;;5,931;6,429;6,750;7,437;7,953;7,361;6,477;8,221;;;;;;;137.65;147.13;152.39;165.70;174.97;160.00;139.17;174.68;;;
Americas;Central America;El Salvador*;;;4,628;4,614;2,971;3,428;3,901;3,891;3,681;4,228;4,322;3,920;5,887;;;;77.82;77.32;49.63;57.09;64.79;64.44;60.79;69.63;70.97;64.18;96.09;
Americas;Central America;Guatemala;;6,443;6,095;6,055;6,238;6,960;7,603;7,452;6,237;6,086;6,011;5,971;;;;50.03;46.23;44.88;45.21;49.34;52.73;50.58;41.44;39.60;38.31;37.28;;
Americas;Central America;Honduras;;;;;;;;;3,645;2,027;1,732;;1,327;;;;;;;;;;47.83;26.20;22.07;;16.43;
Americas;Central America;Mexico*;;246,338;239,166;245,507;261,295;250,932;244,623;230,687;212,141;211,921;211,714;39,937;45,452;;;227.55;217.92;220.42;230.95;218.25;209.41;194.48;176.25;173.60;171.10;31.85;35.78;
Americas;Central America;Nicaragua;;;19,335;18,391;;;;18,345;;;;;;;;;359.43;337.44;;;;319.73;;;;;;
Americas;Central America;Panama;;;;6,055;6,450;6,739;6,572;6,060;5,784;5,461;4,236;4,063;2,843;;;;;179.22;187.59;192.62;184.64;167.38;157.09;145.87;111.31;105.05;72.36;
Americas;Northern America;Bermuda;522;435;;;;;702;617;559;552;528;438;572;;804.62;668.63;;;;;1,091.66;964.76;879.23;873.71;841.13;702.19;922.52;
Americas;Northern America;Canada;48,135;49,376;53,451;56,709;58,269;58,419;57,002;55,436;53,957;53,339;49,260;48,369;50,405;;152.34;154.69;165.71;173.89;176.67;175.10;168.91;162.44;156.40;152.97;139.82;135.91;140.25;
Americas;Northern America;United States of America;859,030;847,381;862,220;874,096;866,358;843,683;812,514;781,844;752,423;762,009;726,777;731,089;764,449;;295.19;288.69;291.15;292.48;287.20;277.10;264.46;252.31;240.86;242.06;229.17;228.86;237.57;
Americas;South America;Argentina;;;142,099;134,291;137,181;145,240;;;;;;178,611;181,321;;;;363.00;339.47;343.21;359.67;;;;;;415.57;417.63;
Americas;South America;Bolivia (Plurinational State of);;;6,026;5,405;6,441;6,987;7,229;8,451;6,692;7,426;;;;;;;66.04;58.22;68.22;72.78;74.08;85.21;66.40;72.53;;;;
Americas;South America;Brazil;;;;652,778;649,027;649,996;651,879;715,702;717,185;732,913;661,494;;;;;;;342.31;336.66;333.73;331.41;360.35;357.67;362.11;323.85;;;
Americas;South America;Chile;;;;20,992;21,727;23,275;23,816;22,259;22,963;19,813;18,228;17,451;15,966;;;;;128.95;131.98;139.82;141.51;130.82;133.50;113.94;103.71;98.25;88.96;
Americas;South America;Colombia;;32,534;30,415;46,529;47,957;36,043;55,124;53,140;62,185;82,181;82,931;82,232;86,897;;;76.15;70.27;106.14;108.07;80.27;121.37;115.73;134.00;175.30;175.17;172.06;180.18;
Americas;South America;Ecuador;7,084;7,967;7,756;6,575;;;4,078;4,505;6,309;8,242;8,560;7,430;;;53.30;58.97;56.47;47.07;;;27.76;30.16;41.57;53.45;54.66;46.72;;
Americas;South America;Guyana*;;;;;;;;11,182;;9,867;6,501;;9,269;;;;;;;;;1,484.28;;1,301.01;854.23;;1,208.34;
Americas;South America;Paraguay;;;2,235;995;1,048;2,115;2,071;1,947;2,012;2,024;837;779;685;;;;38.56;16.91;17.57;34.98;33.80;31.35;31.97;31.73;12.95;11.89;10.32;
Americas;South America;Peru;;15,020;14,699;15,827;54,265;54,356;55,291;19,053;20,717;25,022;26,163;24,806;24,778;;;55.07;53.24;56.63;191.80;189.78;190.65;64.86;69.61;82.97;85.60;80.09;78.97;
Americas;South America;Uruguay;;;;615;656;768;849;519;514;469;426;470;466;;;;;18.46;19.64;22.92;25.25;15.38;15.18;13.81;12.50;13.74;13.58;
Asia;Central Asia;Kazakhstan;;;;2,474;1,988;1,945;1,621;1,591;1,962;1,666;1,361;957;900;;;;;15.86;12.62;12.22;10.07;9.75;11.85;9.90;7.96;5.51;5.11;
Asia;Central Asia;Kyrgyzstan;225;213;264;206;343;349;359;536;482;414;306;380;359;;4.45;4.19;5.16;3.99;6.56;6.58;6.67;9.81;8.68;7.33;5.33;6.50;6.04;
Asia;Central Asia;Tajikistan;;;;5,762;5,730;7,396;9,489;5,490;3,735;;;;;;;;;82.91;80.72;101.96;127.97;72.41;48.17;;;;;
Asia;Central Asia;Turkmenistan;;;90;83;;;;;;;;;;;;;1.90;1.73;;;;;;;;;;
Asia;Eastern Asia;China, Hong Kong Special Administrative Region;7,754;7,811;8,091;8,690;8,660;8,410;8,136;7,602;7,362;7,332;6,623;;;;113.19;114.17;118.25;126.75;125.90;121.70;117.08;108.70;104.51;103.24;92.45;;;
Asia;Eastern Asia;China, Macao Special Administrative Region*;;;;;;1,998;1,879;1,836;1,728;1,754;1,700;1,783;1,620;;;;;;;393.87;360.37;343.42;316.09;314.47;299.27;308.52;275.69;
Asia;Eastern Asia;Japan;58,505;59,628;60,299;64,989;62,952;60,126;26,574;26,647;25,928;28,058;27,864;26,653;;;46.24;47.04;47.49;51.12;49.47;47.23;20.87;20.93;20.38;22.07;21.94;21.02;;
Asia;Eastern Asia;Mongolia;2,440;2,846;2,991;3,584;4,614;5,319;5,770;5,821;5,838;6,546;7,564;8,132;8,064;;98.82;113.99;118.39;140.08;177.96;202.27;216.14;214.59;211.59;233.09;264.55;279.46;272.51;
Asia;Eastern Asia;Republic of Korea*;;;;281,928;294,728;305,465;315,731;292,347;311,862;62,257;55,884;50,281;;;;;;588.56;611.40;629.70;646.90;595.53;631.85;125.50;112.11;100.41;;
Asia;South-Eastern Asia;Brunei Darussalam;470;537;530;451;;;;;;;;;;;134.46;150.97;146.45;122.50;;;;;;;;;;
Asia;South-Eastern Asia;Indonesia*;;;;;;33,330;35,641;31,960;35,800;30,901;35,153;36,980;14,559;;;;;;;14.16;14.95;13.23;14.62;12.46;13.99;14.53;5.65;
Asia;South-Eastern Asia;Malaysia;;;4,246;5,716;;;;;;;;;;;;;16.46;21.76;;;;;;;;;;
Asia;South-Eastern Asia;Myanmar;;;;;;;2,886;2,681;2,228;2,312;2,508;5,480;4,864;;;;;;;;5.62;5.18;4.27;4.40;4.73;10.26;9.02;
Asia;South-Eastern Asia;Singapore;593;549;607;636;403;441;406;429;406;452;476;513;473;;13.94;12.55;13.50;13.78;8.52;9.09;8.18;8.45;7.82;8.53;8.81;9.32;8.44;
Asia;South-Eastern Asia;Thailand*;;;28,245;25,798;26,620;18,804;18,359;9,112;13,322;13,654;12,491;12,675;13,677;;;;42.88;38.98;40.12;28.30;27.59;13.66;19.91;20.33;18.52;18.72;20.13;
Asia;Southern Asia;Bangladesh;;;570;570;;;;;;;;;;;;;0.40;0.39;;;;;;;;;;
Asia;Southern Asia;Bhutan;;;;;;34;37;67;37;45;13;;;;;;;;;4.89;5.23;9.30;5.05;6.05;1.72;;;
Asia;Southern Asia;India;;276,868;270,861;264,748;273,067;284,969;279,214;289,022;302,847;332,324;334,669;;;;;24.58;23.67;22.78;23.15;23.81;23.00;23.48;24.28;26.30;26.16;;;
Asia;Southern Asia;Maldives;;;;;1,157;1,495;1,795;1,478;1,249;1,264;1,289;;;;;;;;366.70;465.69;549.41;444.41;368.85;366.57;367.12;;;
Asia;Southern Asia;Nepal;;;1,047;1,047;;;;;;;;;;;;;4.10;4.06;;;;;;;;;;
Asia;Southern Asia;Sri Lanka;22,178;21,172;;;;50,466;59,267;64,616;66,474;66,137;64,936;;;;115.41;109.28;;;;252.97;295.17;319.86;327.21;323.85;316.42;;;
Asia;Western Asia;Armenia;;190;180;178;164;201;166;155;161;157;176;198;163;;;6.28;5.97;5.93;5.49;6.76;5.60;5.23;5.42;5.27;5.88;6.59;5.40;
Asia;Western Asia;Azerbaijan;155;171;165;160;;;184;172;153;132;132;160;;;1.85;2.02;1.93;1.85;;;2.05;1.89;1.66;1.41;1.39;1.66;;
Asia;Western Asia;Bahrain;2,701;3,837;3,528;3,455;2,634;3,654;;;;;;;;;354.65;474.88;406.91;367.24;256.58;327.48;;;;;;;;
Asia;Western Asia;Cyprus;135;172;132;134;142;167;219;173;164;148;132;134;141;;13.53;16.93;12.78;12.78;13.36;15.51;20.08;15.67;14.69;13.11;11.56;11.62;12.10;
Asia;Western Asia;Georgia;;371;368;271;157;200;134;126;;;;228;;;;8.20;8.22;6.12;3.58;4.60;3.12;2.96;;;;5.65;;
Asia;Western Asia;Iraq (Central Iraq);;;;;;13,321;17,084;25,847;28,344;32,954;27,935;25,008;;;;;;;;53.62;66.92;98.30;104.42;117.38;96.15;83.23;;
Asia;Western Asia;Israel;;50,171;51,114;50,866;45,025;45,432;;46,007;43,069;;;;;;;775.44;774.02;753.03;650.58;640.45;;620.01;569.44;;;;;
Asia;Western Asia;Jordan;;;14,677;15,694;;;;;;;;;;;;;275.21;283.79;;;;;;;;;;
Asia;Western Asia;Kuwait;;641;595;632;732;644;686;;;;;;;;;29.59;26.29;26.45;28.83;23.81;23.81;;;;;;;
Asia;Western Asia;Lebanon;;;;;;7,950;9,100;9,496;8,956;8,658;8,222;8,514;7,769;;;;;;;193.46;217.61;218.95;195.05;175.82;155.51;151.71;132.79;
Asia;Western Asia;Oman;;;;;1,790;2,083;;;;;;;;;;;;;69.01;78.54;;;;;;;;
Asia;Western Asia;Qatar;291;298;;;;;;;;;;;;;43.55;40.71;;;;;;;;;;;;
Asia;Western Asia;Saudi Arabia;;;;;;;;;;;;;437;;;;;;;;;;;;;;1.39;
Asia;Western Asia;State of Palestine*;5,283;5,812;6,572;;;;263;286;340;347;;;;;153.43;165.72;183.60;;;;6.64;7.03;8.13;8.07;;;;
Asia;Western Asia;Syrian Arab Republic;5,390;6,365;6,157;5,543;653;559;;;;;;;;;31.15;36.02;33.95;29.60;3.36;2.78;;;;;;;;
Asia;Western Asia;Turkey;91,997;97,145;105,721;138,937;121,913;166,430;194,059;220,882;238,395;262,330;;;;;139.26;145.05;155.79;202.22;175.38;236.59;272.32;305.46;324.27;350.48;;;;
Asia;Western Asia;United Arab Emirates;;;717;758;;;;;;378;311;316;320;;;;16.00;14.66;;;;;;4.22;3.44;3.48;3.49;
Asia;Western Asia;Yemen;;;;;;;25;;;;;;;;;;;;;;0.11;;;;;;;
Europe;Eastern Europe;Belarus;4,032;1,970;1,915;1,726;1,657;1,442;1,318;1,158;1,003;907;852;830;;;41.32;20.32;19.86;17.99;17.34;15.14;13.87;12.20;10.57;9.56;8.97;8.74;;
Europe;Eastern Europe;Bulgaria;3,806;3,711;3,656;2,976;3,173;3,216;3,122;3,038;2,462;2,410;2,470;2,533;2,520;;48.76;47.93;47.59;39.03;41.92;42.80;41.85;41.01;33.47;33.00;34.06;35.17;35.25;
Europe;Eastern Europe;Czechia;;23,579;21,684;19,171;19,551;17,875;16,887;18,073;19,409;18,358;18,689;16,949;15,669;;;230.89;211.95;186.64;189.26;171.91;161.44;172.02;184.25;174.09;177.23;160.77;148.62;
Europe;Eastern Europe;Hungary;11,442;12,514;12,339;11,516;11,148;12,757;12,787;14,569;14,212;13,973;13,377;13,475;;;112.82;123.69;122.22;114.26;110.77;126.93;127.42;145.48;142.28;140.31;134.79;136.26;;
Europe;Eastern Europe;Poland;;;;;;;12,559;11,011;10,703;9,721;8,571;7,128;5,520;;;;;;;;32.58;28.54;27.73;25.18;22.19;18.46;14.30;
Europe;Eastern Europe;Republic of Moldova*;;;395;409;408;385;369;416;360;325;324;320;;;;;9.50;9.87;9.88;9.36;9.01;10.18;8.83;7.98;7.95;7.86;;
Europe;Eastern Europe;Romania*;9,641;9,201;8,898;9,459;9,586;9,457;9,072;12,301;12,299;17,219;17,572;2,279;299;;44.38;42.64;41.56;44.61;45.69;45.59;44.23;60.60;61.15;86.33;88.77;11.60;1.53;
Europe;Eastern Europe;Russian Federation;;57,453;57,863;51,429;47,348;45,436;43,112;30,403;29,647;29,045;27,257;25,910;23,808;;;39.89;40.29;35.88;33.07;31.75;30.12;21.24;20.70;20.27;19.01;18.06;16.60;
Europe;Eastern Europe;Slovakia;4,076;3,810;3,896;3,200;2,967;2,702;2,618;2,426;2,227;2,183;2,017;1,957;1,900;;75.70;70.76;72.35;59.39;55.03;50.07;48.46;44.87;41.15;40.31;37.22;36.09;35.01;
Europe;Eastern Europe;Ukraine;5,703;5,538;6,707;6,464;5,716;4,984;5,103;4,029;;;;;;;12.01;11.75;14.33;13.90;12.36;10.83;11.13;8.83;;;;;;
Europe;Northern Europe;Denmark;10,894;11,005;11,117;11,628;11,552;11,203;10,573;1,753;1,696;9,557;1,503;1,533;1,460;;202.38;203.85;205.20;213.72;211.30;203.87;191.41;31.58;30.41;170.63;26.72;27.15;25.75;
Europe;Northern Europe;Estonia;;;132;141;145;140;106;103;104;99;99;77;98;;;;9.74;10.45;10.79;10.45;7.93;7.73;7.83;7.48;7.50;5.85;7.47;
Europe;Northern Europe;Finland*;28,835;29,782;30,467;30,864;34,614;34,778;32,878;1,996;2,953;1,874;1,791;1,645;1,563;;553.05;569.57;580.73;586.03;654.41;654.44;615.64;37.19;54.73;34.55;32.84;30.02;28.40;
Europe;Northern Europe;Iceland;;;;56;50;77;79;57;60;74;92;101;85;;;;;18.61;16.37;24.84;25.13;17.92;18.69;22.88;28.27;30.86;25.80;
Europe;Northern Europe;Ireland;11,792;12,255;12,479;13,737;15,147;16,186;15,580;15,038;14,709;13,566;12,644;13,525;14,881;;291.81;297.47;296.86;319.92;345.14;361.28;341.77;325.69;316.14;290.63;270.68;289.29;317.40;
Europe;Northern Europe;Latvia*;883;872;1,100;1,549;1,256;1,346;1,215;1,226;1,161;1,325;458;569;534;;38.61;38.64;49.38;70.44;57.84;62.77;57.38;58.65;56.26;65.04;22.77;28.60;27.10;
Europe;Northern Europe;Lithuania;543;454;407;340;287;251;220;245;206;178;211;204;214;;15.94;13.44;12.17;10.29;8.79;7.80;6.93;7.85;6.71;5.90;7.12;6.99;7.43;
Europe;Northern Europe;Norway*;2,804;2,884;2,961;3,185;3,312;3,279;3,093;2,925;2,837;2,781;2,566;2,377;;;61.48;62.84;64.03;68.24;70.22;68.72;64.03;59.80;57.27;55.42;50.48;46.17;;
Europe;Northern Europe;Sweden;65,177;67,089;72,645;77,019;82,262;84,566;86,281;5,594;5,684;5,338;4,659;4,570;4,632;;728.81;746.90;804.47;847.55;898.71;916.57;927.41;59.62;60.07;55.93;48.41;47.10;47.36;
Europe;Northern Europe;United Kingdom (England and Wales);455,514;513,173;541,455;504,718;450,766;419,119;399,713;366,878;336,867;310,953;321,535;372,731;429,260;;861.68;965.48;1,010.64;935.51;828.81;764.23;723.65;658.76;599.72;549.70;564.61;649.26;;
Europe;Northern Europe;United Kingdom (Northern Ireland);1,116;1,089;1,095;1,164;1,148;1,549;1,605;1,451;1,446;1,278;1,093;1,172;1,206;;65.46;63.53;63.38;66.78;65.16;87.06;89.50;80.40;79.70;70.08;59.74;63.68;;
Europe;Northern Europe;United Kingdom (Scotland)*;62,330;80,486;78,601;84,692;79,523;79,892;5,621;5,493;4,693;3,643;3,268;3,166;;;1,229.75;1,583.03;1,538.12;1,649.92;1,538.16;1,535.53;107.44;104.39;88.55;68.56;61.34;59.20;;
Europe;Southern Europe;Albania;;;165;246;219;363;379;178;169;156;163;132;169;;;;5.35;8.06;7.27;12.23;12.94;6.13;5.86;5.42;5.65;4.57;5.83;
Europe;Southern Europe;Andorra;;;;;83;105;128;98;144;163;90;123;133;;;;;;97.79;122.64;149.75;116.09;174.91;205.51;118.57;168.99;188.72;
Europe;Southern Europe;Bosnia and Herzegovina*;;;1,369;1,498;1,566;1,474;;505;652;618;577;592;992;;;;35.71;39.03;40.78;38.39;;13.17;17.01;16.14;15.09;15.51;26.03;
Europe;Southern Europe;Croatia;1,249;1,153;1,153;1,069;1,093;1,128;1,059;986;873;903;823;766;804;;28.45;26.29;26.34;24.47;25.09;25.97;24.46;22.84;20.29;21.06;19.27;18.00;18.96;
Europe;Southern Europe;Greece*;7,663;7,606;7,777;7,399;7,788;8,008;7,869;1,101;1,425;1,692;1,610;1,459;1,624;;69.48;68.85;70.26;66.67;69.96;71.74;70.39;9.85;12.78;15.23;14.56;13.26;14.82;
Europe;Southern Europe;Holy See;;;;;;;-;-;-;-;-;-;-;;;;;;;;-;-;-;-;-;-;-;
Europe;Southern Europe;Italy;;51,823;56,629;59,143;63,602;65,791;65,611;64,866;68,500;69,527;66,317;66,178;64,042;;;88.82;96.54;100.38;107.55;110.91;110.33;108.86;114.78;116.39;110.95;110.69;107.10;
Europe;Southern Europe;Kosovo under UNSCR 1244;;;;;;3,376;3,539;3,760;3,743;3,805;653;911;890;;;;;;;187.04;194.99;205.91;203.76;205.90;35.13;48.69;;
Europe;Southern Europe;Malta*;;;;;;196;173;180;181;174;218;160;183;;;;;;;48.23;42.25;43.68;43.71;41.87;52.31;38.30;43.71;
Europe;Southern Europe;Montenegro*;141;150;155;164;;196;186;193;161;168;173;129;140;;22.95;24.38;25.15;26.56;;31.63;29.96;31.03;25.84;26.93;27.70;20.63;22.37;
Europe;Southern Europe;Portugal;44,304;41,716;39,220;39,998;37,389;33,494;33,205;863;812;701;508;542;469;;425.88;399.48;374.23;380.33;354.37;316.65;313.54;8.15;7.69;6.67;4.86;5.21;4.53;
Europe;Southern Europe;Serbia;;;1,614;1,657;1,681;1,582;1,442;1,391;1,309;1,323;1,286;1,147;1,142;;;;17.57;18.10;18.41;17.37;15.87;15.35;14.51;14.73;14.39;12.90;12.90;
Europe;Southern Europe;Slovenia;2,400;2,379;2,304;2,431;2,482;2,135;2,177;2,182;1,974;2,032;1,849;1,657;1,540;;120.71;119.49;115.40;121.21;123.03;105.14;106.57;106.31;95.87;98.50;89.55;80.20;74.49;
Europe;Southern Europe;Spain*;;;172,824;180,706;70,536;72,803;80,910;25,077;18,290;17,353;16,701;16,776;29,056;;;;394.08;405.74;156.02;158.90;174.77;53.81;39.16;37.21;35.95;36.26;63.00;
Europe;Southern Europe;The former Yugoslav Republic of Macedonia;;;;441;349;213;228;248;239;211;216;215;;;;;;21.54;17.01;10.36;11.07;12.02;11.57;10.20;10.42;10.36;;
Europe;Western Europe;Austria;;3,584;3,611;3,577;3,878;3,945;4,023;3,606;3,897;4,030;3,734;3,640;3,461;;;43.73;43.85;43.26;46.72;47.35;48.11;42.97;46.26;47.66;44.00;42.74;40.51;
Europe;Western Europe;Belgium;61,959;64,811;67,418;70,886;74,289;76,314;77,665;77,758;78,778;72,312;69,746;70,238;67,790;;594.26;617.68;638.34;666.72;693.98;707.98;715.52;711.42;715.83;652.66;625.35;625.65;599.95;
Europe;Western Europe;France*;135,003;137,679;148,651;164,359;175,886;187,937;220,126;231,909;231,307;231,733;233,304;237,916;244,141;;223.28;226.23;242.73;266.77;283.84;301.62;351.41;368.34;365.60;364.58;365.43;371.04;379.13;
Europe;Western Europe;Germany*;445,727;474,575;494,329;510,775;523,283;518,499;149,301;142,903;139,091;136,077;127,869;125,752;127,395;;546.44;582.89;608.43;630.15;647.19;642.77;185.42;177.66;172.95;169.09;158.71;155.93;157.88;
Europe;Western Europe;Liechtenstein;61;70;71;77;68;88;90;77;78;69;103;120;123;;177.89;202.49;203.72;219.12;191.92;246.35;249.97;212.26;213.48;187.55;278.08;321.84;327.73;
Europe;Western Europe;Luxembourg;;;;1,811;2,030;2,317;2,350;2,475;2,744;2,994;3,018;3,187;;;;;;389.01;427.63;477.65;473.54;487.31;527.71;562.28;553.88;572.61;;
Europe;Western Europe;Monaco;94;129;155;140;;;;;;;;;;;285.19;386.93;458.47;407.17;;;;;;;;;;
Europe;Western Europe;Netherlands*;53,500;55,300;67,060;69,185;71,570;69,005;65,690;60,280;59,425;57,300;52,850;50,350;47,695;;330.91;340.24;410.61;421.83;434.73;417.71;396.32;362.44;356.05;342.10;314.41;298.49;281.80;
Europe;Western Europe;Switzerland*;6,732;8,198;8,099;9,272;9,644;8,893;524;487;487;597;568;609;616;;92.35;111.61;109.32;123.95;127.56;116.30;6.77;6.22;6.14;7.44;7.00;7.42;7.42;
Oceania;Australia and New Zealand;Australia;;;;;;68,019;71,972;68,665;66,103;63,709;65,067;66,348;67,080;;;;;;;318.29;330.59;309.82;293.24;278.07;279.61;280.87;279.86;
Oceania;Australia and New Zealand;New Zealand;;;9,683;10,140;11,569;11,948;11,941;11,260;10,806;10,165;8,951;9,900;;;;;234.19;242.14;272.98;278.81;275.83;257.72;245.34;229.15;200.46;220.22;;
Oceania;Melanesia;Solomon Islands;;1,207;1,213;1,168;1,184;1,097;;;;;;;;;;263.63;258.47;242.97;240.61;217.91;;;;;;;;
;;;;;;;;;;;;;;;;;;;;;;;;;;;;;;
;;;;;;;;;;;;;;;;;;;;;;;;;;;;;;
* Changes in definitions and/or counting rules are reported by the Member State to indicate a break in the time series.;;;;;;;;;;;;;;;;;;;;;;;;;;;;;;
Jan 8, 2019, 12:13 PM;;;;;;;;;;;;;;;;;;;;;;;;;;;;;;
